meal_name,category,broad_type,image_url,prep_time_mins,cook_time_mins,servings,difficulty,ingredients,recipe_url
"Pastel de Choclo Bake",Savory Bake,Roasted & Baked Dishes,https://delishglobe.com/wp-content/uploads/2025/01/Pastel-de-Choclo-Corn-and-Beef-Casserole.png,30,60,6,Medium,"Ground beef;Onion;Hard-boiled eggs;Olives;Corn;Milk;Butter;Basil",https://www.google.com/search?q=Pastel+de+Choclo+Bake+recipe
"Empanadas Pino (Beef)",Savory Bake,Specialty & Street Foods,https://placehold.co/300x200/FFD700/000000?text=Empanadas+Pino,45,25,8,Medium,"Beef;Onion;Cumin;Paprika;Hard-boiled eggs;Olives;Empanada dough",https://www.google.com/search?q=Empanadas+Pino+(Beef)+recipe
"Hearty Cazuela Chilena",Stew,Soups & Stews,https://placehold.co/300x200/FFD700/000000?text=Cazuela+Chilena,20,90,4,Easy,"Beef chuck;Potato;Pumpkin;Corn on the cob;Rice;Cilantro",https://www.google.com/search?q=Hearty+Cazuela+Chilena+recipe
"Humitas Corn Parcels",Warm Meal,Rice & Grain Bowls,https://placehold.co/300x200/FFD700/000000?text=Humitas+Corn+Parcels,40,45,6,Medium,"Fresh corn;Onion;Basil;Butter;Corn husks",https://www.google.com/search?q=Humitas+Corn+Parcels+recipe
"Porotos Granados Stew",Stew,Soups & Stews,https://placehold.co/300x200/FFD700/000000?text=Porotos+Granados+Stew,15,50,4,Easy,"Cranberry beans;Squash;Corn;Onion;Garlic;Basil",https://www.google.com/search?q=Porotos+Granados+Stew+recipe
"Congrio Frito (Fried Conger Eel)",Seafood Special,Grilled & Pan-Seared,https://placehold.co/300x200/FFD700/000000?text=Congrio+Frito,15,15,2,Easy,"Conger eel fillets;Flour;Egg;Breadcrumbs;Oil for frying",https://www.google.com/search?q=Congrio+Frito+(Fried+Conger+Eel)+recipe
"Machas a la Parmesana",Seafood Special,Specialty & Street Foods,https://placehold.co/300x200/FFD700/000000?text=Machas+a+la+Parmesana,10,10,4,Easy,"Razor clams;Parmesan cheese;White wine;Butter",https://www.google.com/search?q=Machas+a+la+Parmesana+recipe
"Charquican Beef Stew",Stew,Soups & Stews,https://placehold.co/300x200/FFD700/000000?text=Charquican+Beef+Stew,20,60,4,Easy,"Beef;Potatoes;Pumpkin;Corn;Peas;Onion",https://www.google.com/search?q=Charquican+Beef+Stew+recipe
"Pebre Chicken Bowl",Rice Bowl,Rice & Grain Bowls,https://placehold.co/300x200/FFD700/000000?text=Pebre+Chicken+Bowl,15,20,2,Easy,"Grilled chicken;Rice;Pebre salsa;Avocado",https://www.google.com/search?q=Pebre+Chicken+Bowl+recipe
"Curanto Inspired Seafood Pot",Seafood Special,Soups & Stews,https://placehold.co/300x200/FFD700/000000?text=Curanto+Seafood+Pot,30,45,6,Medium,"Clams;Mussels;Chicken;Pork sausage;Potatoes;White wine",https://www.google.com/search?q=Curanto+Inspired+Seafood+Pot+recipe
"Sopaipillas Pasadas (savory version context)",Warm Meal,Specialty & Street Foods,https://placehold.co/300x200/FFD700/000000?text=Sopaipillas+Pasadas,25,20,8,Easy,"Pumpkin;Flour;Lard;Chancaca sauce (for sweet version)",https://www.google.com/search?q=Sopaipillas+Pasadas+recipe
"Valdiviano Soup",Soup,Soups & Stews,https://placehold.co/300x200/FFD700/000000?text=Valdiviano+Soup,15,40,4,Easy,"Jerky (charqui);Onion;Eggs;Garlic;Spices",https://www.google.com/search?q=Valdiviano+Soup+recipe
"Costillar de Chancho Ahumado",Roast,Roasted & Baked Dishes,https://placehold.co/300x200/FFD700/000000?text=Costillar+de+Chancho,10,180,4,Medium,"Smoked pork ribs;Potatoes;Spices",https://www.google.com/search?q=Costillar+de+Chancho+Ahumado+recipe
"Pastel de Jaiba (Crab Pie)",Savory Bake,Roasted & Baked Dishes,https://placehold.co/300x200/FFD700/000000?text=Pastel+de+Jaiba,25,35,4,Medium,"Crab meat;Bread;Milk;Onion;Cheese;White wine",https://www.google.com/search?q=Pastel+de+Jaiba+(Crab+Pie)+recipe
"Lomo Saltado Style Beef",Warm Meal,Grilled & Pan-Seared,https://placehold.co/300x200/87CEEB/000000?text=Lomo+Saltado,20,15,2,Easy,"Beef sirloin;Soy sauce;Vinegar;Onion;Tomatoes;French fries",https://www.google.com/search?q=Lomo+Saltado+Style+Beef+recipe
"Ceviche Clasico",Seafood Special,Salads & Light Meals,https://placehold.co/300x200/87CEEB/000000?text=Ceviche+Clasico,20,10,2,Easy,"White fish;Lime juice;Red onion;Cilantro;Aji limo (chili)",https://www.google.com/search?q=Ceviche+Clasico+recipe
"Classic French Onion Soup",Soup,Soups & Stews,https://placehold.co/300x200/ADD8E6/000000?text=French+Onion+Soup,15,50,4,Easy,"Yellow onions;Beef broth;Butter;Baguette;Gruyère cheese;Thyme",https://www.google.com/search?q=Classic+French+Onion+Soup+recipe
"Quiche Lorraine",Savory Bake,Roasted & Baked Dishes,https://placehold.co/300x200/ADD8E6/000000?text=Quiche+Lorraine,20,45,6,Medium,"Pie crust;Bacon;Gruyère cheese;Eggs;Heavy cream;Nutmeg",https://www.google.com/search?q=Quiche+Lorraine+recipe
"Ratatouille",Vegetarian Delight,Roasted & Baked Dishes,https://placehold.co/300x200/ADD8E6/000000?text=Ratatouille,30,60,4,Easy,"Eggplant;Zucchini;Bell peppers;Tomatoes;Onion;Herbs de Provence",https://www.google.com/search?q=Ratatouille+recipe
"Mushroom Bourguignon",Vegetarian Delight,Soups & Stews,https://placehold.co/300x200/ADD8E6/000000?text=Mushroom+Bourguignon,25,90,4,Medium,"Cremini mushrooms;Red wine;Vegetable broth;Carrots;Onion;Thyme",https://www.google.com/search?q=Mushroom+Bourguignon+recipe
"Steak au Poivre with Red Wine Pan Sauce",Warm Meal,Grilled & Pan-Seared,https://placehold.co/300x200/ADD8E6/000000?text=Steak+au+Poivre,10,20,2,Medium,"Filet mignon;Crushed peppercorns;Cognac;Heavy cream;Butter",https://www.google.com/search?q=Steak+au+Poivre+with+Red+Wine+Pan+Sauce+recipe
"Duck à l'Orange",Roast,Roasted & Baked Dishes,https://placehold.co/300x200/ADD8E6/000000?text=Duck+a+l+Orange,20,120,4,Hard,"Whole duck;Oranges;Grand Marnier;Sugar;Vinegar",https://www.google.com/search?q=Duck+à+l'Orange+recipe
"Julia Child's Favorite Roast Chicken",Roast,Roasted & Baked Dishes,https://placehold.co/300x200/ADD8E6/000000?text=Roast+Chicken,15,75,4,Easy,"Whole chicken;Butter;Lemon;Thyme;Salt;Pepper",https://www.google.com/search?q=Julia+Child's+Favorite+Roast+Chicken+recipe
"Lyon-Style Chicken with Vinegar Sauce",Warm Meal,Grilled & Pan-Seared,https://placehold.co/300x200/ADD8E6/000000?text=Lyon-Style+Chicken,10,30,2,Easy,"Chicken thighs;Red wine vinegar;Garlic;Shallots;Butter",https://www.google.com/search?q=Lyon-Style+Chicken+with+Vinegar+Sauce+recipe
"Crispy Monkfish with Capers",Seafood Special,Grilled & Pan-Seared,https://placehold.co/300x200/ADD8E6/000000?text=Crispy+Monkfish,15,15,2,Medium,"Monkfish fillets;Flour;Capers;Lemon;Butter;White wine",https://www.google.com/search?q=Crispy+Monkfish+with+Capers+recipe
"Beef Stew in Red Wine Sauce (Boeuf Bourguignon)",Stew,Soups & Stews,https://placehold.co/300x200/ADD8E6/000000?text=Boeuf+Bourguignon,30,180,6,Hard,"Beef chuck;Red wine;Bacon;Pearl onions;Mushrooms;Carrots",https://www.google.com/search?q=Beef+Stew+in+Red+Wine+Sauce+(Boeuf+Bourguignon)+recipe
"Chicken Legs Coq au Vin",Stew,Soups & Stews,https://placehold.co/300x200/ADD8E6/000000?text=Coq+au+Vin,20,90,4,Medium,"Chicken legs;Red wine;Bacon;Mushrooms;Onion;Thyme",https://www.google.com/search?q=Chicken+Legs+Coq+au+Vin+recipe
"Stuffed Pork Tenderloins with Bacon and Apple-Riesling Sauce",Roast,Roasted & Baked Dishes,https://placehold.co/300x200/ADD8E6/000000?text=Stuffed+Pork,30,40,4,Hard,"Pork tenderloin;Bacon;Apple;Riesling wine;Shallots;Thyme",https://www.google.com/search?q=Stuffed+Pork+Tenderloins+with+Bacon+and+Apple-Riesling+Sauce+recipe
"French Egg Salad",Salad,Salads & Light Meals,https://placehold.co/300x200/ADD8E6/000000?text=French+Egg+Salad,10,12,2,Easy,"Hard-boiled eggs;Mayonnaise;Dijon mustard;Chives;Cornichons",https://www.google.com/search?q=French+Egg+Salad+recipe
"Chicken Cordon Bleu",Warm Meal,Specialty & Street Foods,https://placehold.co/300x200/ADD8E6/000000?text=Chicken+Cordon+Bleu,25,30,4,Medium,"Chicken breasts;Ham;Swiss cheese;Breadcrumbs;Egg;Flour",https://www.google.com/search?q=Chicken+Cordon+Bleu+recipe
"Lyonnaise Potatoes (Pommes de terre à la Lyonnaise)",Side Dish,Roasted & Baked Dishes,https://placehold.co/300x200/ADD8E6/000000?text=Lyonnaise+Potatoes,15,40,4,Easy,"Potatoes;Onions;Butter;Parsley;Salt;Pepper",https://www.google.com/search?q=Lyonnaise+Potatoes+(Pommes+de+terre+à+la+Lyonnaise)+recipe
"Lamb Navarin (Navarin d'agneau)",Stew,Soups & Stews,https://placehold.co/300x200/ADD8E6/000000?text=Lamb+Navarin,25,120,6,Medium,"Lamb shoulder;Turnips;Carrots;Potatoes;Peas;Tomato paste",https://www.google.com/search?q=Lamb+Navarin+(Navarin+d'agneau)+recipe
"French-Style Potato and Green Bean Salad",Salad,Salads & Light Meals,https://placehold.co/300x200/ADD8E6/000000?text=Potato+Green+Bean+Salad,15,20,4,Easy,"Potatoes;Green beans;Shallots;Dijon mustard;Red wine vinegar;Olive oil",https://www.google.com/search?q=French-Style+Potato+and+Green+Bean+Salad+recipe
"White Asparagus à la Grenobloise",Vegetarian Delight,Salads & Light Meals,https://placehold.co/300x200/ADD8E6/000000?text=White+Asparagus,10,15,2,Easy,"White asparagus;Brown butter;Capers;Lemon;Parsley;Croutons",https://www.google.com/search?q=White+Asparagus+à+la+Grenobloise+recipe
"French Beef Daube (Traditional Provençal Stew)",Stew,Soups & Stews,https://placehold.co/300x200/ADD8E6/000000?text=French+Beef+Daube,30,240,6,Hard,"Beef chuck;Red wine;Orange zest;Olives;Herbs de Provence;Carrots",https://www.google.com/search?q=French+Beef+Daube+(Traditional+Provençal+Stew)+recipe
"Braised Pork Loin with Prunes (Porc aux pruneaux)",Roast,Roasted & Baked Dishes,https://placehold.co/300x200/ADD8E6/000000?text=Braised+Pork+Loin,15,90,4,Medium,"Pork loin;Prunes;White wine;Onion;Thyme",https://www.google.com/search?q=Braised+Pork+Loin+with+Prunes+(Porc+aux+pruneaux)+recipe
"Beer-Braised Spiced Pork Shanks",Warm Meal,Soups & Stews,https://placehold.co/300x200/ADD8E6/000000?text=Beer-Braised+Pork,20,150,4,Medium,"Pork shanks;Dark beer;Onion;Caraway seeds;Mustard",https://www.google.com/search?q=Beer-Braised+Spiced+Pork+Shanks+recipe
"Classic French Coq Au Vin Rouge",Stew,Soups & Stews,https://placehold.co/300x200/ADD8E6/000000?text=Coq+Au+Vin+Rouge,25,90,4,Medium,"Chicken;Red wine;Bacon;Mushrooms;Pearl onions;Brandy",https://www.google.com/search?q=Classic+French+Coq+Au+Vin+Rouge+recipe
"Chicken Fricassée with Shallots and Bacon",Warm Meal,Soups & Stews,https://placehold.co/300x200/ADD8E6/000000?text=Chicken+Fricassee,20,50,4,Easy,"Chicken pieces;White wine;Cream;Shallots;Bacon;Mushrooms",https://www.google.com/search?q=Chicken+Fricassée+with+Shallots+and+Bacon+recipe
"Creamy French Chicken Tarragon (Poulet à l'Estragon)",Warm Meal,Soups & Stews,https://placehold.co/300x200/ADD8E6/000000?text=Chicken+Tarragon,10,35,2,Easy,"Chicken breasts;Tarragon;White wine;Crème fraîche;Shallots",https://www.google.com/search?q=Creamy+French+Chicken+Tarragon+(Poulet+à+l'Estragon)+recipe
"Clementine Roast Chicken with Fennel and Honey",Roast,Roasted & Baked Dishes,https://placehold.co/300x200/ADD8E6/000000?text=Clementine+Roast+Chicken,15,80,4,Easy,"Whole chicken;Clementines;Fennel;Honey;Thyme",https://www.google.com/search?q=Clementine+Roast+Chicken+with+Fennel+and+Honey+recipe
"French Chicken Marengo",Warm Meal,Soups & Stews,https://placehold.co/300x200/ADD8E6/000000?text=Chicken+Marengo,20,60,4,Medium,"Chicken thighs;Tomatoes;White wine;Mushrooms;Garlic;Onions",https://www.google.com/search?q=French+Chicken+Marengo+recipe
"Sardine White Bean Cakes (Croquettes de Sardine)",Seafood Special,Specialty & Street Foods,https://placehold.co/300x200/ADD8E6/000000?text=Sardine+Cakes,15,10,4,Easy,"Canned sardines;White beans;Breadcrumbs;Lemon;Parsley",https://www.google.com/search?q=Sardine+White+Bean+Cakes+(Croquettes+de+Sardine)+recipe
"French Chicken And Mushroom Pie (Tourte)",Savory Bake,Roasted & Baked Dishes,https://placehold.co/300x200/ADD8E6/000000?text=Chicken+Mushroom+Pie,30,50,6,Medium,"Puff pastry;Chicken;Mushrooms;Cream;Shallots;Thyme",https://www.google.com/search?q=French+Chicken+And+Mushroom+Pie+(Tourte)+recipe
"French Warm Goat Cheese Salad (Salade de Chèvre Chaud)",Salad,Salads & Light Meals,https://placehold.co/300x200/ADD8E6/000000?text=Goat+Cheese+Salad,10,5,2,Easy,"Goat cheese;Baguette;Mixed greens;Walnuts;Vinaigrette",https://www.google.com/search?q=French+Warm+Goat+Cheese+Salad+(Salade+de+Chèvre+Chaud)+recipe
"French Antillean Cod Fritters (Accras de Morue)",Seafood Special,Specialty & Street Foods,https://placehold.co/300x200/ADD8E6/000000?text=Cod+Fritters,20,15,6,Easy,"Salt cod;Flour;Herbs;Scotch bonnet pepper;Oil for frying",https://www.google.com/search?q=French+Antillean+Cod+Fritters+(Accras+de+Morue)+recipe
"Tourtière (French Canadian Meat Pie)",Savory Bake,Roasted & Baked Dishes,https://placehold.co/300x200/ADD8E6/000000?text=Tourtiere,30,60,8,Medium,"Ground pork;Onion;Pie crust;Cinnamon;Cloves;Potatoes",https://www.google.com/search?q=Tourtière+(French+Canadian+Meat+Pie)+recipe
"Caramelized Onion Tart (Tarte à l'Oignon Alsacienne)",Savory Bake,Roasted & Baked Dishes,https://placehold.co/300x200/ADD8E6/000000?text=Caramelized+Onion+Tart,20,55,6,Easy,"Onions;Butter;Pastry dough;Eggs;Cream;Bacon",https://www.google.com/search?q=Caramelized+Onion+Tart+(Tarte+à+l'Oignon+Alsacienne)+recipe
"Vegetable Paella",Rice Bowl,Rice & Grain Bowls,https://placehold.co/300x200/FFC0CB/000000?text=Vegetable+Paella,20,40,4,Easy,"Paella rice;Saffron;Bell peppers;Artichoke hearts;Peas;Vegetable broth",https://www.google.com/search?q=Vegetable+Paella+recipe
"Gazpacho Andaluz",Soup,Soups & Stews,https://placehold.co/300x200/FFC0CB/000000?text=Gazpacho+Andaluz,15,0,4,Easy,"Tomatoes;Cucumber;Bell pepper;Garlic;Olive oil;Vinegar",https://www.google.com/search?q=Gazpacho+Andaluz+recipe
"Arroz con Pollo",Rice Bowl,Rice & Grain Bowls,https://placehold.co/300x200/FFC0CB/000000?text=Arroz+con+Pollo,15,45,4,Easy,"Chicken;Rice;Sofrito;Saffron;Peas;Olives",https://www.google.com/search?q=Arroz+con+Pollo+recipe
"Tortilla Española (potato, egg, and onion omelet)",Warm Meal,Specialty & Street Foods,https://placehold.co/300x200/FFC0CB/000000?text=Tortilla+Espanola,15,25,6,Easy,"Potatoes;Eggs;Onion;Olive oil;Salt",https://www.google.com/search?q=Tortilla+Española+recipe
"Albóndigas (meatballs in sauce)",Warm Meal,Specialty & Street Foods,https://placehold.co/300x200/FFC0CB/000000?text=Albondigas,20,30,4,Easy,"Ground pork;Ground beef;Breadcrumbs;Egg;Tomato sauce;Garlic",https://www.google.com/search?q=Albóndigas+(meatballs+in+sauce)+recipe
"Fabada (white bean stew with meats)",Stew,Soups & Stews,https://placehold.co/300x200/FFC0CB/000000?text=Fabada,15,150,6,Medium,"Fabes beans;Chorizo;Morcilla (blood sausage);Pancetta;Saffron",https://www.google.com/search?q=Fabada+(white+bean+stew+with+meats)+recipe
"Zarzuela (fish and shellfish stew)",Seafood Special,Soups & Stews,https://placehold.co/300x200/FFC0CB/000000?text=Zarzuela,30,50,6,Hard,"Monkfish;Shrimp;Mussels;Clams;Tomato;Brandy",https://www.google.com/search?q=Zarzuela+(fish+and+shellfish+stew)+recipe
"Fideuá (vermicelli with shellfish)",Seafood Special,Noodles & Pasta,https://placehold.co/300x200/FFC0CB/000000?text=Fideua,20,30,4,Medium,"Fideos noodles;Monkfish;Shrimp;Mussels;Saffron;Tomato",https://www.google.com/search?q=Fideuá+(vermicelli+with+shellfish)+recipe
"Cocido (a garbanzo dish with meats)",Stew,Soups & Stews,https://placehold.co/300x200/FFC0CB/000000?text=Cocido,20,180,6,Medium,"Chickpeas;Beef;Chorizo;Chicken;Potatoes;Cabbage",https://www.google.com/search?q=Cocido+(a+garbanzo+dish+with+meats)+recipe
"Patatas aliñadás from Cadiz (potato salad)",Salad,Salads & Light Meals,https://placehold.co/300x200/FFC0CB/000000?text=Patatas+alinadas,10,20,4,Easy,"Potatoes;Onion;Parsley;Sherry vinegar;Olive oil",https://www.google.com/search?q=Patatas+aliñadás+from+Cadiz+(potato+salad)+recipe
"Pisto (fried vegetables)",Vegetarian Delight,Specialty & Street Foods,https://placehold.co/300x200/FFC0CB/000000?text=Pisto,15,40,4,Easy,"Zucchini;Tomatoes;Peppers;Onion;Olive oil",https://www.google.com/search?q=Pisto+(fried+vegetables)+recipe
"Marmitako (tuna and potato stew)",Stew,Soups & Stews,https://placehold.co/300x200/FFC0CB/000000?text=Marmitako,20,50,4,Easy,"Fresh tuna;Potatoes;Onion;Choricero peppers;Tomato",https://www.google.com/search?q=Marmitako+(tuna+and+potato+stew)+recipe
"Revuelto de patatas (scrambled potatoes)",Warm Meal,Specialty & Street Foods,https://placehold.co/300x200/FFC0CB/000000?text=Revuelto+de+patatas,10,20,2,Easy,"Potatoes;Eggs;Garlic;Olive oil",https://www.google.com/search?q=Revuelto+de+patatas+(scrambled+potatoes)+recipe
"Tortilla campera (vegetable and egg omelet)",Warm Meal,Specialty & Street Foods,https://placehold.co/300x200/FFC0CB/000000?text=Tortilla+campera,15,30,4,Easy,"Potatoes;Eggs;Onion;Peppers;Zucchini;Chorizo",https://www.google.com/search?q=Tortilla+campera+(vegetable+and+egg+omelet)+recipe
"Ensaladilla Rusa (a rich potato salad)",Salad,Salads & Light Meals,https://placehold.co/300x200/FFC0CB/000000?text=Ensaladilla+Rusa,15,25,6,Easy,"Potatoes;Carrots;Peas;Tuna;Mayonnaise;Hard-boiled eggs",https://www.google.com/search?q=Ensaladilla+Rusa+(a+rich+potato+salad)+recipe
"Authentic Spanish Cocido Stew Croquettes",Warm Meal,Specialty & Street Foods,https://placehold.co/300x200/FFC0CB/000000?text=Cocido+Croquettes,30,20,8,Medium,"Leftover Cocido meat;Flour;Milk;Nutmeg;Egg;Breadcrumbs",https://www.google.com/search?q=Authentic+Spanish+Cocido+Stew+Croquettes+recipe
"Spanish Green Beans and Chicken",Warm Meal,Grilled & Pan-Seared,https://placehold.co/300x200/FFC0CB/000000?text=Spanish+Green+Beans,10,25,2,Easy,"Chicken breast;Green beans;Garlic;Serrano ham;Olive oil",https://www.google.com/search?q=Spanish+Green+Beans+and+Chicken+recipe
"Spanish Lentil Soup",Soup,Soups & Stews,https://placehold.co/300x200/FFC0CB/000000?text=Spanish+Lentil+Soup,10,50,4,Easy,"Brown lentils;Chorizo;Carrot;Potato;Onion;Bay leaf",https://www.google.com/search?q=Spanish+Lentil+Soup+recipe
"Pork Belly Ramen",Soup,Soups & Stews,https://placehold.co/300x200/90EE90/000000?text=Pork+Belly+Ramen,30,120,2,Hard,"Pork belly;Ramen noodles;Soft-boiled eggs;Scallions;Nori;Ramen broth",https://www.google.com/search?q=Pork+Belly+Ramen+recipe
"Miso Soup with Tofu",Soup,Soups & Stews,https://placehold.co/300x200/90EE90/000000?text=Miso+Soup+with+Tofu,5,10,4,Easy,"Dashi;Miso paste;Tofu;Wakame seaweed;Scallions",https://www.google.com/search?q=Miso+Soup+with+Tofu+recipe
"Sushi Bowl (Chirashi-style)",Rice Bowl,Rice & Grain Bowls,https://placehold.co/300x200/90EE90/000000?text=Sushi+Bowl,25,20,2,Easy,"Sushi rice;Sashimi-grade fish;Avocado;Cucumber;Sesame seeds;Soy sauce",https://www.google.com/search?q=Sushi+Bowl+(Chirashi-style)+recipe
"Sushi",Seafood Special,Specialty & Street Foods,https://placehold.co/300x200/90EE90/000000?text=Sushi,45,20,4,Hard,"Sushi rice;Nori;Assorted fish;Vegetables;Wasabi;Soy sauce",https://www.google.com/search?q=Sushi+recipe
"Udon",Pasta Dish,Noodles & Pasta,https://placehold.co/300x200/90EE90/000000?text=Udon,10,15,2,Easy,"Udon noodles;Dashi broth;Soy sauce;Mirin;Scallions;Tempura (optional)",https://www.google.com/search?q=Udon+recipe
"Tempura",Fried Dish,Specialty & Street Foods,https://placehold.co/300x200/90EE90/000000?text=Tempura,15,15,4,Medium,"Shrimp;Assorted vegetables;Tempura flour;Ice water;Oil for frying",https://www.google.com/search?q=Tempura+recipe
"Yakitori",Grilled Dish,Grilled & Pan-Seared,https://placehold.co/300x200/90EE90/000000?text=Yakitori,20,15,4,Easy,"Chicken thighs;Scallions;Soy sauce;Mirin;Sake;Sugar;Bamboo skewers",https://www.google.com/search?q=Yakitori+recipe
"Sashimi",Seafood Special,Salads & Light Meals,https://placehold.co/300x200/90EE90/000000?text=Sashimi,15,0,2,Easy,"Sashimi-grade tuna;Sashimi-grade salmon;Soy sauce;Wasabi;Pickled ginger",https://www.google.com/search?q=Sashimi+recipe
"Donburi",Rice Bowl,Rice & Grain Bowls,https://placehold.co/300x200/90EE90/000000?text=Donburi,10,20,2,Easy,"Steamed rice;Cooked meat (chicken or beef);Egg;Onion;Dashi;Soy sauce",https://www.google.com/search?q=Donburi+recipe
"Oden",Stew,Soups & Stews,https://placehold.co/300x200/90EE90/000000?text=Oden,15,90,4,Easy,"Daikon radish;Fish cakes;Hard-boiled eggs;Konnyaku;Dashi broth",https://www.google.com/search?q=Oden+recipe
"Tamagoyaki",Warm Meal,Specialty & Street Foods,https://placehold.co/300x200/90EE90/000000?text=Tamagoyaki,10,10,4,Medium,"Eggs;Dashi;Soy sauce;Sugar;Mirin",https://www.google.com/search?q=Tamagoyaki+recipe
"Soba",Pasta Dish,Noodles & Pasta,https://placehold.co/300x200/90EE90/000000?text=Soba,5,10,2,Easy,"Soba noodles;Tsuyu dipping sauce;Scallions;Wasabi;Nori",https://www.google.com/search?q=Soba+recipe
"Tonkatsu",Fried Dish,Specialty & Street Foods,https://placehold.co/300x200/90EE90/000000?text=Tonkatsu,15,15,2,Easy,"Pork cutlets;Panko breadcrumbs;Flour;Egg;Tonkatsu sauce",https://www.google.com/search?q=Tonkatsu+recipe
"Sukiyaki",Hot Pot,Soups & Stews,https://placehold.co/300x200/90EE90/000000?text=Sukiyaki,20,30,4,Medium,"Thinly sliced beef;Tofu;Napa cabbage;Mushrooms;Onion;Sukiyaki sauce",https://www.google.com/search?q=Sukiyaki+recipe
"Okonomiyaki",Warm Meal,Specialty & Street Foods,https://placehold.co/300x200/90EE90/000000?text=Okonomiyaki,20,20,2,Medium,"Flour;Cabbage;Pork belly slices;Egg;Okonomiyaki sauce;Mayonnaise",https://www.google.com/search?q=Okonomiyaki+recipe
"Nikujaga",Stew,Soups & Stews,https://placehold.co/300x200/90EE90/000000?text=Nikujaga,15,30,4,Easy,"Thinly sliced beef;Potatoes;Carrots;Onion;Dashi;Soy sauce",https://www.google.com/search?q=Nikujaga+recipe
"Curry Rice",Rice Bowl,Rice & Grain Bowls,https://placehold.co/300x200/90EE90/000000?text=Curry+Rice,10,25,4,Easy,"Japanese curry roux;Beef;Potatoes;Carrots;Onion;Steamed rice",https://www.google.com/search?q=Curry+Rice+recipe
"Unagi no Kabayaki",Seafood Special,Grilled & Pan-Seared,https://placehold.co/300x200/90EE90/000000?text=Unagi+no+Kabayaki,5,15,2,Easy,"Eel fillets;Kabayaki sauce;Sake;Steamed rice",https://www.google.com/search?q=Unagi+no+Kabayaki+recipe
"Shabu Shabu Hot Pot",Hot Pot,Soups & Stews,https://placehold.co/300x200/90EE90/000000?text=Shabu+Shabu+Hot+Pot,25,30,4,Medium,"Thinly sliced beef;Napa cabbage;Tofu;Mushrooms;Dipping sauces",https://www.google.com/search?q=Shabu+Shabu+Hot+Pot+recipe
"Sweet Potato and Black Bean Tacos",Vegetarian Delight,Specialty & Street Foods,https://placehold.co/300x200/FFA07A/000000?text=Sweet+Potato+Tacos,15,25,4,Easy,"Sweet potatoes;Black beans;Tortillas;Avocado;Lime;Cilantro",https://www.google.com/search?q=Sweet+Potato+and+Black+Bean+Tacos+recipe
"Beef Burrito Bowl",Rice Bowl,Rice & Grain Bowls,https://placehold.co/300x200/FFA07A/000000?text=Beef+Burrito+Bowl,10,20,2,Easy,"Ground beef;Rice;Black beans;Corn;Salsa;Cheese",https://www.google.com/search?q=Beef+Burrito+Bowl+recipe
"Chicken Fajitas Platter",Warm Meal,Grilled & Pan-Seared,https://placehold.co/300x200/FFA07A/000000?text=Chicken+Fajitas,15,20,4,Easy,"Chicken breast;Bell peppers;Onion;Fajita seasoning;Tortillas",https://www.google.com/search?q=Chicken+Fajitas+Platter+recipe
"Salsa Chicken",Warm Meal,Grilled & Pan-Seared,https://placehold.co/300x200/FFA07A/000000?text=Salsa+Chicken,5,30,4,Easy,"Chicken breasts;Salsa;Taco seasoning;Cheese",https://www.google.com/search?q=Salsa+Chicken+recipe
"Easy Chorizo Street Tacos",Warm Meal,Specialty & Street Foods,https://placehold.co/300x200/FFA07A/000000?text=Chorizo+Street+Tacos,5,15,4,Easy,"Chorizo;Small corn tortillas;Onion;Cilantro;Lime",https://www.google.com/search?q=Easy+Chorizo+Street+Tacos+recipe
"Mexican Casserole",Savory Bake,Roasted & Baked Dishes,https://placehold.co/300x200/FFA07A/000000?text=Mexican+Casserole,15,30,6,Easy,"Ground beef;Tortilla chips;Enchilada sauce;Cheese;Beans",https://www.google.com/search?q=Mexican+Casserole+recipe
"Easy Spicy Mexican-American Chicken",Warm Meal,Grilled & Pan-Seared,https://placehold.co/300x200/FFA07A/000000?text=Spicy+Mexican+Chicken,10,25,4,Easy,"Chicken thighs;Chili powder;Cumin;Oregano;Lime juice",https://www.google.com/search?q=Easy+Spicy+Mexican-American+Chicken+recipe
"Suegra's Tomatillo Chicken",Warm Meal,Soups & Stews,https://placehold.co/300x200/FFA07A/000000?text=Tomatillo+Chicken,15,40,4,Easy,"Chicken;Tomatillos;Jalapeño;Onion;Garlic;Cilantro",https://www.google.com/search?q=Suegra's+Tomatillo+Chicken+recipe
"Salsa Verde Pork",Warm Meal,Soups & Stews,https://placehold.co/300x200/FFA07A/000000?text=Salsa+Verde+Pork,15,120,6,Easy,"Pork shoulder;Tomatillos;Serrano peppers;Onion;Cilantro",https://www.google.com/search?q=Salsa+Verde+Pork+recipe
"Papas con Chorizo (Mexican Chorizo and Potatoes)",Warm Meal,Grilled & Pan-Seared,https://placehold.co/300x200/FFA07A/000000?text=Papas+con+Chorizo,10,25,4,Easy,"Potatoes;Chorizo;Onion;Garlic",https://www.google.com/search?q=Papas+con+Chorizo+(Mexican+Chorizo+and+Potatoes)+recipe
"Flaming Slow Cooker Pork",Warm Meal,Soups & Stews,https://placehold.co/300x200/FFA07A/000000?text=Slow+Cooker+Pork,10,360,8,Easy,"Pork shoulder;Chipotle peppers in adobo;Onion;Orange juice",https://www.google.com/search?q=Flaming+Slow+Cooker+Pork+recipe
"Delia's Grilled Shrimp Sonora",Grilled Dish,Grilled & Pan-Seared,https://placehold.co/300x200/FFA07A/000000?text=Grilled+Shrimp+Sonora,15,10,2,Easy,"Shrimp;Garlic;Lime juice;Cilantro;Butter",https://www.google.com/search?q=Delia's+Grilled+Shrimp+Sonora+recipe
"Mexican Mostaccioli",Pasta Dish,Noodles & Pasta,https://placehold.co/300x200/FFA07A/000000?text=Mexican+Mostaccioli,15,30,6,Easy,"Mostaccioli pasta;Ground beef;Chorizo;Tomato sauce;Cheese;Chili powder",https://www.google.com/search?q=Mexican+Mostaccioli+recipe
"Taco-Seasoned Salmon",Seafood Special,Grilled & Pan-Seared,https://placehold.co/300x200/FFA07A/000000?text=Taco-Seasoned+Salmon,5,15,2,Easy,"Salmon fillets;Taco seasoning;Lime;Olive oil",https://www.google.com/search?q=Taco-Seasoned+Salmon+recipe
"Quesadillas de Flor de Calabaza (Zucchini Blossom Quesadillas)",Vegetarian Delight,Specialty & Street Foods,https://placehold.co/300x200/FFA07A/000000?text=Zucchini+Blossom+Quesadillas,15,10,4,Easy,"Zucchini blossoms;Oaxaca cheese;Tortillas;Epazote",https://www.google.com/search?q=Quesadillas+de+Flor+de+Calabaza+(Zucchini+Blossom+Quesadillas)+recipe
"Thai Green Curry with Tofu",Warm Meal,Soups & Stews,https://placehold.co/300x200/DDA0DD/000000?text=Thai+Green+Curry,15,25,4,Easy,"Tofu;Green curry paste;Coconut milk;Bamboo shoots;Thai basil",https://www.google.com/search?q=Thai+Green+Curry+with+Tofu+recipe
"Pad Thai Noodles",Pasta Dish,Noodles & Pasta,https://placehold.co/300x200/DDA0DD/000000?text=Pad+Thai+Noodles,20,15,2,Medium,"Rice noodles;Shrimp;Tofu;Bean sprouts;Peanuts;Pad Thai sauce",https://www.google.com/search?q=Pad+Thai+Noodles+recipe
"Khao Soi (Thai Coconut Noodle Soup)",Soup,Soups & Stews,https://placehold.co/300x200/DDA0DD/000000?text=Khao+Soi,20,40,4,Medium,"Chicken;Egg noodles;Coconut milk;Red curry paste;Shallots;Lime",https://www.google.com/search?q=Khao+Soi+(Thai+Coconut+Noodle+Soup)+recipe
"Thai Larb Salad",Salad,Salads & Light Meals,https://placehold.co/300x200/DDA0DD/000000?text=Thai+Larb+Salad,15,10,2,Easy,"Ground pork or chicken;Lime juice;Fish sauce;Mint;Cilantro;Toasted rice powder",https://www.google.com/search?q=Thai+Larb+Salad+recipe
"Thai Massaman Curry",Warm Meal,Soups & Stews,https://placehold.co/300x200/DDA0DD/000000?text=Thai+Massaman+Curry,15,50,4,Easy,"Beef;Massaman curry paste;Coconut milk;Potatoes;Peanuts;Onion",https://www.google.com/search?q=Thai+Massaman+Curry+recipe
"Thai Fish Curry",Warm Meal,Soups & Stews,https://placehold.co/300x200/DDA0DD/000000?text=Thai+Fish+Curry,10,25,2,Easy,"White fish fillets;Red curry paste;Coconut milk;Fish sauce;Lime leaves",https://www.google.com/search?q=Thai+Fish+Curry+recipe
"Thai Noodle Salad with Peanut Sauce",Salad,Salads & Light Meals,https://placehold.co/300x200/DDA0DD/000000?text=Thai+Noodle+Salad,15,10,2,Easy,"Rice vermicelli;Shredded carrots;Cucumber;Cilantro;Peanut sauce",https://www.google.com/search?q=Thai+Noodle+Salad+with+Peanut+Sauce+recipe
"Pad See Ew",Pasta Dish,Noodles & Pasta,https://placehold.co/300x200/DDA0DD/000000?text=Pad+See+Ew,15,15,2,Easy,"Wide rice noodles;Chicken or beef;Chinese broccoli;Egg;Soy sauce",https://www.google.com/search?q=Pad+See+Ew+recipe
"Thai Red Curry",Warm Meal,Soups & Stews,https://placehold.co/300x200/DDA0DD/000000?text=Thai+Red+Curry,10,25,4,Easy,"Chicken breast;Red curry paste;Coconut milk;Bell peppers;Bamboo shoots",https://www.google.com/search?q=Thai+Red+Curry+recipe
"Tom Kha Gai (Thai Coconut Chicken Soup)",Soup,Soups & Stews,https://placehold.co/300x200/DDA0DD/000000?text=Tom+Kha+Gai,10,20,4,Easy,"Chicken;Coconut milk;Galangal;Lemongrass;Mushrooms;Lime juice",https://www.google.com/search?q=Tom+Kha+Gai+(Thai+Coconut+Chicken+Soup)+recipe
"Thai Basil Chicken",Warm Meal,Grilled & Pan-Seared,https://placehold.co/300x200/DDA0DD/000000?text=Thai+Basil+Chicken,10,15,2,Easy,"Ground chicken;Thai basil;Garlic;Chilies;Soy sauce",https://www.google.com/search?q=Thai+Basil+Chicken+recipe
"Thai Eggplant Stir-Fry",Vegetarian Delight,Grilled & Pan-Seared,https://placehold.co/300x200/DDA0DD/000000?text=Thai+Eggplant+Stir-Fry,10,15,2,Easy,"Thai eggplant;Garlic;Chilies;Soy sauce;Thai basil",https://www.google.com/search?q=Thai+Eggplant+Stir-Fry+recipe
"Thai Pineapple Fried Rice",Rice Bowl,Rice & Grain Bowls,https://placehold.co/300x200/DDA0DD/000000?text=Thai+Pineapple+Fried+Rice,15,15,4,Easy,"Jasmine rice;Pineapple;Shrimp;Cashews;Curry powder;Fish sauce",https://www.google.com/search?q=Thai+Pineapple+Fried+Rice+recipe
"Thai Grilled Eggplant Salad",Salad,Salads & Light Meals,https://placehold.co/300x200/DDA0DD/000000?text=Thai+Grilled+Eggplant+Salad,10,20,2,Easy,"Japanese eggplant;Lime juice;Fish sauce;Mint;Shallots;Chilies",https://www.google.com/search?q=Thai+Grilled+Eggplant+Salad+recipe
"Thai Coconut Chicken Salad",Salad,Salads & Light Meals,https://placehold.co/300x200/DDA0DD/000000?text=Thai+Coconut+Chicken+Salad,15,15,2,Easy,"Poached chicken breast;Coconut milk;Lime juice;Cilantro;Red onion",https://www.google.com/search?q=Thai+Coconut+Chicken+Salad+recipe
"Thai Chicken Satay with Peanut Dipping Sauce",Grilled Dish,Grilled & Pan-Seared,https://placehold.co/300x200/DDA0DD/000000?text=Thai+Chicken+Satay,25,15,4,Easy,"Chicken skewers;Coconut milk;Turmeric;Coriander;Peanut sauce",https://www.google.com/search?q=Thai+Chicken+Satay+with+Peanut+Dipping+Sauce+recipe
"Thai Baked Chicken and Rice",Savory Bake,Roasted & Baked Dishes,https://placehold.co/300x200/DDA0DD/000000?text=Thai+Baked+Chicken+and+Rice,10,45,4,Easy,"Chicken thighs;Jasmine rice;Ginger;Garlic;Soy sauce;Cilantro",https://www.google.com/search?q=Thai+Baked+Chicken+and+Rice+recipe
"Thai Turkey Burgers",Grilled Dish,Specialty & Street Foods,https://placehold.co/300x200/DDA0DD/000000?text=Thai+Turkey+Burgers,10,15,4,Easy,"Ground turkey;Ginger;Lemongrass;Cilantro;Sriracha mayo",https://www.google.com/search?q=Thai+Turkey+Burgers+recipe
"Thai Curry Meatballs",Warm Meal,Specialty & Street Foods,https://placehold.co/300x200/DDA0DD/000000?text=Thai+Curry+Meatballs,15,25,4,Easy,"Ground pork;Red curry paste;Coconut milk;Panko breadcrumbs;Cilantro",https://www.google.com/search?q=Thai+Curry+Meatballs+recipe
"Thai Burritos with Peanut Sauce",Warm Meal,Sandwiches & Wraps,https://placehold.co/300x200/DDA0DD/000000?text=Thai+Burritos,20,10,2,Easy,"Flour tortillas;Grilled chicken;Shredded cabbage;Carrots;Peanut sauce",https://www.google.com/search?q=Thai+Burritos+with+Peanut+Sauce+recipe
"Phở (Beef Noodle Soup)",Soup,Soups & Stews,https://placehold.co/300x200/FFB6C1/000000?text=Pho,30,360,6,Hard,"Beef bones;Rice noodles;Thinly sliced beef;Star anise;Cinnamon;Bean sprouts",https://www.google.com/search?q=Phở+(Beef+Noodle+Soup)+recipe
"Bánh Mì (Vietnamese Sandwich)",Sandwich,Sandwiches & Wraps,https://placehold.co/300x200/FFB6C1/000000?text=Banh+Mi,20,10,2,Easy,"Baguette;Grilled pork;Pâté;Pickled daikon and carrots;Cilantro;Jalapeño",https://www.google.com/search?q=Bánh+Mì+(Vietnamese+Sandwich)+recipe
"Cơm Tấm (Broken Rice)",Rice Bowl,Rice & Grain Bowls,https://placehold.co/300x200/FFB6C1/000000?text=Com+Tam,10,30,2,Easy,"Broken rice;Grilled pork chop;Fried egg;Fish sauce;Pickled vegetables",https://www.google.com/search?q=Cơm+Tấm+(Broken+Rice)+recipe
"Bún Bò Huế (Hue Style Beef Noodle Soup)",Soup,Soups & Stews,https://placehold.co/300x200/FFB6C1/000000?text=Bun+Bo+Hue,30,240,6,Hard,"Beef shank;Pork hock;Lemongrass;Chili;Thick rice vermicelli;Blood cubes",https://www.google.com/search?q=Bún+Bò+Huế+(Hue+Style+Beef+Noodle+Soup)+recipe
"Gỏi cuốn (Fresh Spring Rolls)",Appetizer/Light Meal,Salads & Light Meals,https://placehold.co/300x200/FFB6C1/000000?text=Fresh+Spring+Rolls,30,5,8,Easy,"Rice paper;Shrimp;Pork;Rice vermicelli;Lettuce;Mint;Peanut sauce",https://www.google.com/search?q=Gỏi+cuốn+(Fresh+Spring+Rolls)+recipe
"Canh (Vietnamese Soups)",Soup,Soups & Stews,https://placehold.co/300x200/FFB6C1/000000?text=Canh,10,25,4,Easy,"Pork broth;Assorted vegetables (like squash or gourd);Pork ribs or shrimp",https://www.google.com/search?q=Canh+(Vietnamese+Soups)+recipe
"Bánh cuốn (Steamed Rice Rolls)",Warm Meal,Specialty & Street Foods,https://placehold.co/300x200/FFB6C1/000000?text=Steamed+Rice+Rolls,40,20,4,Medium,"Rice flour batter;Ground pork;Wood ear mushrooms;Shallots;Fish sauce",https://www.google.com/search?q=Bánh+cuốn+(Steamed+Rice+Rolls)+recipe
"Cháo (Rice Porridge)",Soup,Soups & Stews,https://placehold.co/300x200/FFB6C1/000000?text=Chao,5,60,4,Easy,"Jasmine rice;Chicken or pork broth;Ginger;Scallions;Fried shallots",https://www.google.com/search?q=Cháo+(Rice+Porridge)+recipe
"Cha Ca Ha Noi (Hanoi Grilled Fish)",Grilled Dish,Grilled & Pan-Seared,https://placehold.co/300x200/FFB6C1/000000?text=Hanoi+Grilled+Fish,20,15,2,Medium,"White fish fillets;Turmeric;Dill;Galangal;Shrimp paste;Vermicelli noodles",https://www.google.com/search?q=Cha+Ca+Ha+Noi+(Hanoi+Grilled+Fish)+recipe
"Cá Kho Tộ (Caramelized Fish in Clay Pot)",Warm Meal,Soups & Stews,https://placehold.co/300x200/FFB6C1/000000?text=Caramelized+Fish,10,30,2,Easy,"Catfish steak;Fish sauce;Sugar;Coconut water;Garlic;Chilies",https://www.google.com/search?q=Cá+Kho+Tộ+(Caramelized+Fish+in+Clay+Pot)+recipe
"Bánh xèo (Crispy Pancakes)",Warm Meal,Specialty & Street Foods,https://placehold.co/300x200/FFB6C1/000000?text=Crispy+Pancakes,15,25,4,Medium,"Rice flour;Coconut milk;Turmeric;Pork belly;Shrimp;Bean sprouts",https://www.google.com/search?q=Bánh+xèo+(Crispy+Pancakes)+recipe
"Bun bo nam bo (Beef Noodle Salad)",Salad,Salads & Light Meals,https://placehold.co/300x200/FFB6C1/000000?text=Beef+Noodle+Salad,20,10,2,Easy,"Beef;Rice vermicelli;Lettuce;Bean sprouts;Peanuts;Fish sauce dressing",https://www.google.com/search?q=Bun+bo+nam+bo+(Beef+Noodle+Salad)+recipe
"Bo luc lac (Shaking Beef)",Warm Meal,Grilled & Pan-Seared,https://placehold.co/300x200/FFB6C1/000000?text=Shaking+Beef,15,10,2,Easy,"Beef sirloin;Soy sauce;Garlic;Onion;Bell peppers;Watercress",https://www.google.com/search?q=Bo+luc+lac+(Shaking+Beef)+recipe
"Banh goi (Fried Pastry)",Warm Meal,Specialty & Street Foods,https://placehold.co/300x200/FFB6C1/000000?text=Fried+Pastry,30,20,6,Medium,"Ground pork;Glass noodles;Wood ear mushrooms;Pastry wrapper;Oil for frying",https://www.google.com/search?q=Banh+goi+(Fried+Pastry)+recipe
"Nasi goreng (Fried Rice)",Rice Bowl,Rice & Grain Bowls,https://placehold.co/300x200/FFDAB9/000000?text=Nasi+Goreng,10,15,2,Easy,"Cooked rice;Kecap manis (sweet soy sauce);Shrimp;Egg;Shallots",https://www.google.com/search?q=Nasi+goreng+(Fried+Rice)+recipe
"Mie goreng (Fried Noodles)",Pasta Dish,Noodles & Pasta,https://placehold.co/300x200/FFDAB9/000000?text=Mie+Goreng,10,15,2,Easy,"Egg noodles;Kecap manis;Chicken;Shrimp;Cabbage;Shallots",https://www.google.com/search?q=Mie+goreng+(Fried+Noodles)+recipe
"Sate (Grilled Skewers)",Grilled Dish,Grilled & Pan-Seared,https://placehold.co/300x200/FFDAB9/000000?text=Sate,30,15,4,Easy,"Chicken or beef skewers;Peanut sauce;Kecap manis;Lontong (rice cake)",https://www.google.com/search?q=Sate+(Grilled+Skewers)+recipe
"Rendang (Beef Curry)",Warm Meal,Soups & Stews,https://placehold.co/300x200/FFDAB9/000000?text=Rendang,20,240,6,Hard,"Beef chuck;Coconut milk;Rendang spice paste;Lemongrass;Galangal",https://www.google.com/search?q=Rendang+(Beef+Curry)+recipe
"Rawon (Beef Soup)",Soup,Soups & Stews,https://placehold.co/300x200/FFDAB9/000000?text=Rawon,20,180,4,Medium,"Beef;Keluak nuts;Galangal;Lemongrass;Turmeric",https://www.google.com/search?q=Rawon+(Beef+Soup)+recipe
"Soto (Soup)",Soup,Soups & Stews,https://placehold.co/300x200/FFDAB9/000000?text=Soto,15,60,4,Easy,"Chicken broth;Shredded chicken;Turmeric;Ginger;Glass noodles;Bean sprouts",https://www.google.com/search?q=Soto+(Soup)+recipe
"Perkedel (Potato Patties)","Side Dish/Light Meal",Specialty & Street Foods,https://placehold.co/300x200/FFDAB9/000000?text=Perkedel,15,15,4,Easy,"Potatoes;Ground meat;Scallions;Celery;Egg",https://www.google.com/search?q=Perkedel+(Potato+Patties)+recipe
"Bebek goreng (Fried Duck)",Fried Dish,Grilled & Pan-Seared,https://placehold.co/300x200/FFDAB9/000000?text=Bebek+Goreng,20,45,2,Medium,"Duck;Garlic;Galangal;Turmeric;Coriander;Oil for frying",https://www.google.com/search?q=Bebek+goreng+(Fried+Duck)+recipe
"Kare (Curry)",Warm Meal,Soups & Stews,https://placehold.co/300x200/FFDAB9/000000?text=Kare,15,40,4,Easy,"Chicken;Coconut milk;Curry paste;Potatoes;Carrots",https://www.google.com/search?q=Kare+(Curry)+recipe
"Ayam bakar Taliwang (Grilled Chicken)",Grilled Dish,Grilled & Pan-Seared,https://placehold.co/300x200/FFDAB9/000000?text=Ayam+Bakar+Taliwang,30,30,4,Medium,"Chicken;Chili peppers;Shrimp paste;Garlic;Kaffir lime",https://www.google.com/search?q=Ayam+bakar+Taliwang+(Grilled+Chicken)+recipe
"Bakso (Meatball Soup)",Soup,Soups & Stews,https://placehold.co/300x200/FFDAB9/000000?text=Bakso,30,45,4,Easy,"Beef meatballs;Beef broth;Noodles;Tofu;Fried shallots",https://www.google.com/search?q=Bakso+(Meatball+Soup)+recipe
"Gado-gado (Vegetable Salad with Peanut Sauce)",Salad,Salads & Light Meals,https://placehold.co/300x200/FFDAB9/000000?text=Gado-gado,20,15,4,Easy,"Steamed vegetables;Hard-boiled eggs;Tofu;Tempeh;Peanut sauce dressing",https://www.google.com/search?q=Gado-gado+(Vegetable+Salad+with+Peanut+Sauce)+recipe
"Batagor (Fried Tofu with Meatball)",Fried Dish,Specialty & Street Foods,https://placehold.co/300x200/FFDAB9/000000?text=Batagor,25,20,4,Medium,"Tofu;Fish paste;Tapioca starch;Wonton skins;Peanut sauce",https://www.google.com/search?q=Batagor+(Fried+Tofu+with+Meatball)+recipe
"Babi guling (Roasted Suckling Pig)",Roast,Roasted & Baked Dishes,https://placehold.co/300x200/FFDAB9/000000?text=Babi+Guling,60,300,12,Hard,"Suckling pig;Basa gede (spice paste);Cassava leaves",https://www.google.com/search?q=Babi+guling+(Roasted+Suckling+Pig)+recipe
"Pepes (Herbal Packet)",Steamed Dish,Specialty & Street Foods,https://placehold.co/300x200/FFDAB9/000000?text=Pepes,20,30,4,Easy,"Fish or chicken;Spice paste;Banana leaves for wrapping",https://www.google.com/search?q=Pepes+(Herbal+Packet)+recipe
"Adobo (Pork or Chicken Stewed in Soy Sauce and Vinegar)",Stew,Soups & Stews,https://placehold.co/300x200/E6E6FA/000000?text=Adobo,10,45,4,Easy,"Pork or chicken;Soy sauce;Vinegar;Garlic;Bay leaves;Peppercorns",https://www.google.com/search?q=Adobo+(Pork+or+Chicken+Stewed+in+Soy+Sauce+and+Vinegar)+recipe
"Afritada (Chicken or Pork Stewed in Tomato Sauce)",Stew,Soups & Stews,https://placehold.co/300x200/E6E6FA/000000?text=Afritada,15,50,4,Easy,"Chicken or pork;Tomato sauce;Potatoes;Carrots;Bell peppers",https://www.google.com/search?q=Afritada+(Chicken+or+Pork+Stewed+in+Tomato+Sauce)+recipe

"Bopis (Spicy Pork Lungs and Heart)",Warm Meal,Specialty & Street Foods,https://placehold.co/300x200/E6E6FA/000000?text=Bopis,20,60,4,Medium,"Pork lungs;Pork heart;Chilies;Annatto;Carrots;Onion",https://www.google.com/search?q=Bopis+(Spicy+Pork+Lungs+and+Heart)+recipe
"Camaron rebosado (Deep Fried Battered Shrimps)",Fried Dish,Specialty & Street Foods,https://placehold.co/300x200/E6E6FA/000000?text=Camaron+Rebosado,15,10,4,Easy,"Shrimp;Flour;Egg;Baking powder;Oil for frying",https://www.google.com/search?q=Camaron+rebosado+(Deep+Fried+Battered+Shrimps)+recipe
"Chicken pastel (Chicken Stew in Cream Sauce)",Stew,Soups & Stews,https://placehold.co/300x200/E6E6FA/000000?text=Chicken+Pastel,20,40,4,Medium,"Chicken;Cream of mushroom soup;Potatoes;Carrots;Hotdogs;Pastry crust",https://www.google.com/search?q=Chicken+pastel+(Chicken+Stew+in+Cream+Sauce)+recipe
"Crispy pata (Deep Fried Pork Leg)",Fried Dish,Roasted & Baked Dishes,https://placehold.co/300x200/E6E6FA/000000?text=Crispy+Pata,20,120,6,Hard,"Pork hock;Water;Salt;Peppercorns;Bay leaves;Oil for frying",https://www.google.com/search?q=Crispy+pata+(Deep+Fried+Pork+Leg)+recipe
"Crispy tadyang ng baka (Crispy Beef Ribs)",Fried Dish,Specialty & Street Foods,https://placehold.co/300x200/E6E6FA/000000?text=Crispy+Beef+Ribs,15,90,4,Medium,"Beef ribs;Garlic;Salt;Pepper;Oil for frying",https://www.google.com/search?q=Crispy+tadyang+ng+baka+(Crispy+Beef+Ribs)+recipe
"Curacha (Boiled or Steamed Sea Crab)",Seafood Special,Grilled & Pan-Seared,https://placehold.co/300x200/E6E6FA/000000?text=Curacha,10,20,2,Easy,"Spanner crab;Water;Salt;Alavar sauce (optional)",https://www.google.com/search?q=Curacha+(Boiled+or+Steamed+Sea+Crab)+recipe
"Daing (Fried Dried Fish)",Seafood Special,Grilled & Pan-Seared,https://placehold.co/300x200/E6E6FA/000000?text=Daing,5,5,2,Easy,"Dried fish (daing);Oil for frying;Vinegar dip",https://www.google.com/search?q=Daing+(Fried+Dried+Fish)+recipe
"Embutido (Meatloaf)",Warm Meal,Roasted & Baked Dishes,https://placehold.co/300x200/E6E6FA/000000?text=Embutido,25,60,8,Easy,"Ground pork;Raisins;Carrots;Hard-boiled eggs;Vienna sausage",https://www.google.com/search?q=Embutido+(Meatloaf)+recipe
"Escabeche (Sweet and Sour Fish)",Seafood Special,Grilled & Pan-Seared,https://placehold.co/300x200/E6E6FA/000000?text=Escabeche,15,20,4,Easy,"Fried fish;Vinegar;Sugar;Bell peppers;Carrots;Ginger",https://www.google.com/search?q=Escabeche+(Sweet+and+Sour+Fish)+recipe
"Giniling (Picadillo) (Ground Pork or Beef)",Warm Meal,Specialty & Street Foods,https://placehold.co/300x200/E6E6FA/000000?text=Giniling,10,25,4,Easy,"Ground pork or beef;Tomato sauce;Potatoes;Carrots;Peas",https://www.google.com/search?q=Giniling+(Picadillo)+(Ground+Pork+or+Beef)+recipe
"Halabos na hipon (Steamed Shrimps)",Seafood Special,Salads & Light Meals,https://placehold.co/300x200/E6E6FA/000000?text=Halabos+na+Hipon,5,10,2,Easy,"Shrimp;Lemon-lime soda;Garlic;Butter",https://www.google.com/search?q=Halabos+na+hipon+(Steamed+Shrimps)+recipe
"Hamonado (Sweet Glazed Pork)",Warm Meal,Roasted & Baked Dishes,https://placehold.co/300x200/E6E6FA/000000?text=Hamonado,15,60,6,Easy,"Pork loin;Pineapple juice;Soy sauce;Brown sugar",https://www.google.com/search?q=Hamonado+(Sweet+Glazed+Pork)+recipe
"Humba (Sweet Pork Stew)",Stew,Soups & Stews,https://placehold.co/300x200/E6E6FA/000000?text=Humba,15,90,4,Easy,"Pork belly;Soy sauce;Vinegar;Brown sugar;Banana blossoms;Black beans",https://www.google.com/search?q=Humba+(Sweet+Pork+Stew)+recipe



"Kaldereta (Meat Stew in Tomato Sauce)",Stew,Soups & Stews,https://placehold.co/300x200/E6E6FA/000000?text=Kaldereta,20,90,6,Medium,"Beef or goat meat;Tomato sauce;Liver spread;Potatoes;Carrots;Olives",https://www.google.com/search?q=Kaldereta+(Meat+Stew+in+Tomato+Sauce)+recipe
"Kinunot (Shredded Stingray or Shark in Coconut Milk)",Seafood Special,Soups & Stews,https://placehold.co/300x200/E6E6FA/000000?text=Kinunot,20,30,4,Medium,"Stingray or shark meat;Coconut milk;Malunggay leaves;Ginger;Chili",https://www.google.com/search?q=Kinunot+(Shredded+Stingray+or+Shark+in+Coconut+Milk)+recipe
"Bicol Express (Pork Cooked in Coconut Milk and Chili)",Warm Meal,Soups & Stews,https://placehold.co/300x200/E6E6FA/000000?text=Bicol+Express,15,40,4,Easy,"Pork belly;Coconut milk;Shrimp paste;Siling haba (long chilies)",https://www.google.com/search?q=Bicol+Express+(Pork+Cooked+in+Coconut+Milk+and+Chili)+recipe
"Filipino Spaghetti (Sweet and Meaty Spaghetti)",Pasta Dish,Noodles & Pasta,https://placehold.co/300x200/E6E6FA/000000?text=Filipino+Spaghetti,10,30,6,Easy,"Spaghetti pasta;Ground pork;Hotdogs;Banana ketchup;Tomato sauce;Cheese",https://www.google.com/search?q=Filipino+Spaghetti+(Sweet+and+Meaty+Spaghetti)+recipe
"Pork Menudo (Pork Stew with Tomatoes and Potatoes)",Stew,Soups & Stews,https://placehold.co/300x200/E6E6FA/000000?text=Pork+Menudo,15,60,4,Easy,"Pork;Pork liver;Tomato sauce;Potatoes;Carrots;Raisins",https://www.google.com/search?q=Pork+Menudo+(Pork+Stew+with+Tomatoes+and+Potatoes)+recipe
"Chicken Tinola (Chicken Soup with Ginger and Papaya)",Soup,Soups & Stews,https://placehold.co/300x200/E6E6FA/000000?text=Chicken+Tinola,10,40,4,Easy,"Chicken;Ginger;Green papaya;Malunggay leaves or chili leaves;Fish sauce",https://www.google.com/search?q=Chicken+Tinola+(Chicken+Soup+with+Ginger+and+Papaya)+recipe
"Arroz Caldo (Chicken Rice Porridge)",Soup,Soups & Stews,https://placehold.co/300x200/E6E6FA/000000?text=Arroz+Caldo,10,50,4,Easy,"Glutinous rice;Chicken;Ginger;Garlic;Saffron;Hard-boiled eggs",https://www.google.com/search?q=Arroz+Caldo+(Chicken+Rice+Porridge)+recipe
"Pinakbet (Vegetable Stew with Shrimp Paste)",Vegetarian Delight,Soups & Stews,https://placehold.co/300x200/E6E6FA/000000?text=Pinakbet,15,25,4,Easy,"Mixed vegetables (squash, eggplant, okra, bitter melon);Shrimp paste (bagoong);Pork belly",https://www.google.com/search?q=Pinakbet+(Vegetable+Stew+with+Shrimp+Paste)+recipe
"Kare-Kare (Stew with Peanut Sauce)",Stew,Soups & Stews,https://placehold.co/300x200/E6E6FA/000000?text=Kare-Kare,30,120,6,Medium,"Oxtail;Peanut sauce;Banana heart;Eggplant;String beans;Shrimp paste",https://www.google.com/search?q=Kare-Kare+(Stew+with+Peanut+Sauce)+recipe
"Lumpia (Spring Rolls)","Appetizer/Light Meal",Specialty & Street Foods,https://placehold.co/300x200/E6E6FA/000000?text=Lumpia,40,20,10,Easy,"Ground pork;Carrots;Cabbage;Lumpia wrappers;Oil for frying",https://www.google.com/search?q=Lumpia+(Spring+Rolls)+recipe
"Filipino Chicken Curry",Warm Meal,Soups & Stews,https://placehold.co/300x200/E6E6FA/000000?text=Filipino+Chicken+Curry,15,40,4,Easy,"Chicken;Coconut milk;Curry powder;Potatoes;Carrots;Bell pepper",https://www.google.com/search?q=Filipino+Chicken+Curry+recipe
"Sinigang na Hipon (Sour Shrimp Soup)",Soup,Soups & Stews,https://placehold.co/300x200/E6E6FA/000000?text=Sinigang+na+Hipon,10,25,4,Easy,"Shrimp;Tamarind base;Radish;Taro;String beans;Kangkong (water spinach)",https://www.google.com/search?q=Sinigang+na+Hipon+(Sour+Shrimp+Soup)+recipe
"Beef Caldereta (Beef Stew in Tomato Sauce)",Stew,Soups & Stews,https://placehold.co/300x200/E6E6FA/000000?text=Beef+Caldereta,20,120,6,Medium,"Beef brisket;Tomato sauce;Liver spread;Potatoes;Carrots;Cheese",https://www.google.com/search?q=Beef+Caldereta+(Beef+Stew+in+Tomato+Sauce)+recipe
"Bistek Tagalog (Beef Braised in Soy Sauce and Citrus)",Warm Meal,Grilled & Pan-Seared,https://placehold.co/300x200/E6E6FA/000000?text=Bistek+Tagalog,15,30,4,Easy,"Thinly sliced beef;Soy sauce;Calamansi juice;Onion rings",https://www.google.com/search?q=Bistek+Tagalog+(Beef+Braised+in+Soy+Sauce+and+Citrus)+recipe
"Adobong Pusit (Squid Adobo)",Seafood Special,Soups & Stews,https://placehold.co/300x200/E6E6FA/000000?text=Adobong+Pusit,15,20,2,Easy,"Squid;Soy sauce;Vinegar;Garlic;Onion;Squid ink",https://www.google.com/search?q=Adobong+Pusit+(Squid+Adobo)+recipe
"Tortang Talong (Eggplant Omelette)",Vegetarian Delight,Specialty & Street Foods,https://placehold.co/300x200/E6E6FA/000000?text=Tortang+Talong,10,20,2,Easy,"Eggplant;Eggs;Ground pork (optional);Salt;Pepper",https://www.google.com/search?q=Tortang+Talong+(Eggplant+Omelette)+recipe
"Lechon (Roasted Pig)",Roast,Roasted & Baked Dishes,https://placehold.co/300x200/E6E6FA/000000?text=Lechon,60,360,20,Hard,"Whole pig;Lemongrass;Garlic;Bay leaves;Salt;Pepper",https://www.google.com/search?q=Lechon+(Roasted+Pig)+recipe
"Pancit Palabok (Noodle Dish with Shrimp Sauce)",Pasta Dish,Noodles & Pasta,https://placehold.co/300x200/E6E6FA/000000?text=Pancit+Palabok,20,30,6,Medium,"Rice noodles;Shrimp sauce;Chicharon (pork rinds);Hard-boiled eggs;Shrimp;Tinapa (smoked fish)",https://www.google.com/search?q=Pancit+Palabok+(Noodle+Dish+with+Shrimp+Sauce)+recipe
"Gravlax (Cured Salmon)",Seafood Special,Salads & Light Meals,https://placehold.co/300x200/F0E68C/000000?text=Gravlax,15,0,8,Easy,"Salmon fillet;Salt;Sugar;Dill;White peppercorns",https://www.google.com/search?q=Gravlax+(Cured+Salmon)+recipe
"Köttbullar (Swedish Meatballs)",Warm Meal,Specialty & Street Foods,https://placehold.co/300x200/F0E68C/000000?text=Kottbullar,20,20,4,Easy,"Ground beef;Ground pork;Breadcrumbs;Milk;Onion;Cream sauce;Lingonberry jam",https://www.google.com/search?q=Köttbullar+(Swedish+Meatballs)+recipe
"Smørrebrød (Danish Open-Faced Sandwich)",Sandwich,Sandwiches & Wraps,https://placehold.co/300x200/F0E68C/000000?text=Smorrebrod,15,0,2,Easy,"Rye bread;Butter;Assorted toppings (herring, roast beef, shrimp)",https://www.google.com/search?q=Smørrebrød+(Danish+Open-Faced+Sandwich)+recipe
"Smörgåsbord (Swedish Buffet)",Variety,"Global & Fusion Favorites",https://placehold.co/300x200/F0E68C/000000?text=Smorgasbord,120,120,12,Hard,"Various dishes;Meatballs;Herring;Salmon;Potatoes;Cheese",https://www.google.com/search?q=Smörgåsbord+(Swedish+Buffet)+recipe
"Stegt Flæsk (Roast Pork)",Roast,Roasted & Baked Dishes,https://placehold.co/300x200/F0E68C/000000?text=Stegt+Flaesk,10,30,4,Easy,"Thick-cut pork belly;Salt;Pepper;Parsley sauce;Potatoes",https://www.google.com/search?q=Stegt+Flæsk+(Roast+Pork)+recipe
"Lamm i kål (Lamb and Cabbage Stew)",Stew,Soups & Stews,https://placehold.co/300x200/F0E68C/000000?text=Lamm+i+kal,15,120,4,Easy,"Lamb shoulder;Cabbage;Black peppercorns;Water;Flour",https://www.google.com/search?q=Lamm+i+kål+(Lamb+and+Cabbage+Stew)+recipe
"Pickled Herring",Seafood Special,Salads & Light Meals,https://placehold.co/300x200/F0E68C/000000?text=Pickled+Herring,10,0,6,Easy,"Herring fillets;Vinegar;Sugar;Onion;Allspice;Mustard seeds",https://www.google.com/search?q=Pickled+Herring+recipe
"Norwegian Fish Cakes with Dill Mayonnaise (Fiskekaker)",Seafood Special,Specialty & Street Foods,https://placehold.co/300x200/F0E68C/000000?text=Fiskekaker,15,15,4,Easy,"White fish (cod or haddock);Potato starch;Milk;Onion;Dill mayonnaise",https://www.google.com/search?q=Norwegian+Fish+Cakes+with+Dill+Mayonnaise+(Fiskekaker)+recipe
"Danish Breaded Pork Patties (Krebinetter)",Fried Dish,Specialty & Street Foods,https://placehold.co/300x200/F0E68C/000000?text=Krebinetter,10,15,4,Easy,"Ground pork;Flour;Egg;Breadcrumbs;Butter for frying",https://www.google.com/search?q=Danish+Breaded+Pork+Patties+(Krebinetter)+recipe
"Norwegian Fish Soup (Fiskesuppe)",Soup,Soups & Stews,https://placehold.co/300x200/F0E68C/000000?text=Fiskesuppe,15,25,4,Easy,"Salmon;Cod;Shrimp;Carrots;Leek;Cream;Fish broth",https://www.google.com/search?q=Norwegian+Fish+Soup+(Fiskesuppe)+recipe
"Danish Pork Roast (Flæskesteg)",Roast,Roasted & Baked Dishes,https://placehold.co/300x200/F0E68C/000000?text=Flaeskesteg,20,120,6,Medium,"Pork loin with rind;Salt;Bay leaves;Cloves",https://www.google.com/search?q=Danish+Pork+Roast+(Flæskesteg)+recipe
"Norwegian Fish Casserole (Fiskegrateng)",Savory Bake,Roasted & Baked Dishes,https://placehold.co/300x200/F0E68C/000000?text=Fiskegrateng,20,40,4,Easy,"Cod fillets;Macaroni;Milk;Flour;Butter;Breadcrumbs",https://www.google.com/search?q=Norwegian+Fish+Casserole+(Fiskegrateng)+recipe
"Classic Chicken Roast",Roast,Roasted & Baked Dishes,https://placehold.co/300x200/D3D3D3/000000?text=Classic+Chicken+Roast,15,90,4,Easy,"Whole chicken;Rosemary;Thyme;Garlic;Lemon;Potatoes",https://www.google.com/search?q=Classic+Chicken+Roast+recipe
"Beef & Ale Stew",Stew,Soups & Stews,https://placehold.co/300x200/D3D3D3/000000?text=Beef+Ale+Stew,25,150,6,Easy,"Beef chuck;Brown ale;Onion;Carrots;Celery;Beef broth",https://www.google.com/search?q=Beef+&+Ale+Stew+recipe
"Spicy Lamb Curry",Warm Meal,Soups & Stews,https://placehold.co/300x200/D3D3D3/000000?text=Spicy+Lamb+Curry,20,90,4,Medium,"Lamb shoulder;Yogurt;Onion;Ginger;Garlic;Garam masala",https://www.google.com/search?q=Spicy+Lamb+Curry+recipe
"Mushroom Risotto",Pasta Dish,Rice & Grain Bowls,https://placehold.co/300x200/D3D3D3/000000?text=Mushroom+Risotto,10,30,2,Medium,"Arborio rice;Mushrooms;Parmesan cheese;White wine;Vegetable broth;Shallots",https://www.google.com/search?q=Mushroom+Risotto+recipe
"Shepherd's Pie",Savory Bake,Roasted & Baked Dishes,https://placehold.co/300x200/D3D3D3/000000?text=Shepherds+Pie,25,50,4,Easy,"Ground lamb;Onion;Carrots;Peas;Beef broth;Mashed potatoes",https://www.google.com/search?q=Shepherd's+Pie+recipe
"Chicken Tikka Masala",Warm Meal,Soups & Stews,https://placehold.co/300x200/D3D3D3/000000?text=Chicken+Tikka+Masala,30,40,4,Medium,"Chicken breast;Yogurt;Tomato sauce;Cream;Garam masala;Ginger",https://www.google.com/search?q=Chicken+Tikka+Masala+recipe
"Hearty Beef Goulash",Stew,Soups & Stews,https://placehold.co/300x200/D3D3D3/000000?text=Hearty+Beef+Goulash,20,120,6,Easy,"Beef chuck;Onions;Paprika;Caraway seeds;Beef broth;Tomato paste",https://www.google.com/search?q=Hearty+Beef+Goulash+recipe
"Lemon Herb Roasted Chicken",Roast,Roasted & Baked Dishes,https://placehold.co/300x200/D3D3D3/000000?text=Lemon+Herb+Chicken,15,80,4,Easy,"Whole chicken;Lemon;Rosemary;Thyme;Garlic;Olive oil",https://www.google.com/search?q=Lemon+Herb+Roasted+Chicken+recipe
"Spicy Chorizo and Bean Casserole",Savory Bake,Roasted & Baked Dishes,https://placehold.co/300x200/D3D3D3/000000?text=Chorizo+Bean+Casserole,10,35,4,Easy,"Chorizo sausage;Cannellini beans;Tomato sauce;Onion;Cheese",https://www.google.com/search?q=Spicy+Chorizo+and+Bean+Casserole+recipe
"Slow-Cooked Pulled Pork",Warm Meal,Specialty & Street Foods,https://placehold.co/300x200/D3D3D3/000000?text=Pulled+Pork,10,480,8,Easy,"Pork shoulder;BBQ sauce;Brown sugar;Smoked paprika;Onion powder",https://www.google.com/search?q=Slow-Cooked+Pulled+Pork+recipe
"Stuffed Bell Peppers with Quinoa",Vegetarian Delight,Roasted & Baked Dishes,https://placehold.co/300x200/D3D3D3/000000?text=Stuffed+Bell+Peppers,20,45,4,Easy,"Bell peppers;Quinoa;Black beans;Corn;Tomato sauce;Cheese",https://www.google.com/search?q=Stuffed+Bell+Peppers+with+Quinoa+recipe
"Beef Stroganoff with Noodles",Pasta Dish,Noodles & Pasta,https://placehold.co/300x200/D3D3D3/000000?text=Beef+Stroganoff,15,30,4,Easy,"Beef sirloin;Mushrooms;Onion;Sour cream;Egg noodles;Beef broth",https://www.google.com/search?q=Beef+Stroganoff+with+Noodles+recipe
"Baked Salmon with Asparagus",Seafood Special,Roasted & Baked Dishes,https://placehold.co/300x200/D3D3D3/000000?text=Baked+Salmon,10,20,2,Easy,"Salmon fillets;Asparagus;Lemon;Dill;Olive oil",https://www.google.com/search?q=Baked+Salmon+with+Asparagus+recipe
"Chicken and Mushroom Pie",Savory Bake,Roasted & Baked Dishes,https://placehold.co/300x200/D3D3D3/000000?text=Chicken+Mushroom+Pie,25,50,4,Medium,"Chicken;Mushrooms;Puff pastry;Cream;Thyme;Onion",https://www.google.com/search?q=Chicken+and+Mushroom+Pie+recipe
"Lentil Shepherd's Pie",Vegetarian Delight,Roasted & Baked Dishes,https://placehold.co/300x200/D3D3D3/000000?text=Lentil+Shepherds+Pie,20,45,4,Easy,"Brown lentils;Carrots;Onion;Vegetable broth;Mashed potatoes",https://www.google.com/search?q=Lentil+Shepherd's+Pie+recipe
"Pork Chops with Apple Sauce",Warm Meal,Grilled & Pan-Seared,https://placehold.co/300x200/D3D3D3/000000?text=Pork+Chops,10,20,2,Easy,"Pork chops;Apples;Cinnamon;Butter;Brown sugar",https://www.google.com/search?q=Pork+Chops+with+Apple+Sauce+recipe
"Vegetable Stir-fry with Noodles",Warm Meal,Noodles & Pasta,https://placehold.co/300x200/D3D3D3/000000?text=Vegetable+Stir-fry,15,15,2,Easy,"Broccoli;Carrots;Bell peppers;Snow peas;Soy sauce;Ginger;Noodles",https://www.google.com/search?q=Vegetable+Stir-fry+with+Noodles+recipe
"Classic Meatloaf",Roast,Roasted & Baked Dishes,https://placehold.co/300x200/D3D3D3/000000?text=Classic+Meatloaf,15,60,6,Easy,"Ground beef;Breadcrumbs;Egg;Onion;Ketchup glaze",https://www.google.com/search?q=Classic+Meatloaf+recipe
"BBQ Ribs",Grilled Dish,Grilled & Pan-Seared,https://placehold.co/300x200/D3D3D3/000000?text=BBQ+Ribs,15,180,4,Medium,"Pork ribs;BBQ sauce;Brown sugar;Paprika;Garlic powder",https://www.google.com/search?q=BBQ+Ribs+recipe
"Spinach and Ricotta Stuffed Shells",Pasta Dish,Noodles & Pasta,https://placehold.co/300x200/D3D3D3/000000?text=Stuffed+Shells,20,40,4,Easy,"Jumbo pasta shells;Ricotta cheese;Spinach;Marinara sauce;Mozzarella cheese",https://www.google.com/search?q=Spinach+and+Ricotta+Stuffed+Shells+recipe
"Creamy Tomato Soup",Soup,Soups & Stews,https://placehold.co/300x200/A9A9A9/FFFFFF?text=Creamy+Tomato+Soup,10,25,4,Easy,"Canned tomatoes;Heavy cream;Onion;Garlic;Basil",https://www.google.com/search?q=Creamy+Tomato+Soup+recipe
"Chicken Noodle Soup",Soup,Soups & Stews,https://placehold.co/300x200/A9A9A9/FFFFFF?text=Chicken+Noodle+Soup,15,40,6,Easy,"Chicken broth;Cooked chicken;Egg noodles;Carrots;Celery;Onion",https://www.google.com/search?q=Chicken+Noodle+Soup+recipe
"Butternut Squash Soup",Soup,Soups & Stews,https://placehold.co/300x200/A9A9A9/FFFFFF?text=Butternut+Squash+Soup,15,45,4,Easy,"Butternut squash;Onion;Vegetable broth;Nutmeg;Cream",https://www.google.com/search?q=Butternut+Squash+Soup+recipe
"Lentil and Vegetable Soup",Soup,Soups & Stews,https://placehold.co/300x200/A9A9A9/FFFFFF?text=Lentil+Vegetable+Soup,10,50,6,Easy,"Brown lentils;Carrots;Celery;Onion;Diced tomatoes;Vegetable broth",https://www.google.com/search?q=Lentil+and+Vegetable+Soup+recipe
"Spicy Black Bean Soup",Soup,Soups & Stews,https://placehold.co/300x200/A9A9A9/FFFFFF?text=Spicy+Black+Bean+Soup,10,25,4,Easy,"Canned black beans;Onion;Garlic;Cumin;Chili powder;Lime",https://www.google.com/search?q=Spicy+Black+Bean+Soup+recipe
"Potato Leek Soup",Soup,Soups & Stews,https://placehold.co/300x200/A9A9A9/FFFFFF?text=Potato+Leek+Soup,15,40,4,Easy,"Potatoes;Leeks;Vegetable broth;Cream;Butter",https://www.google.com/search?q=Potato+Leek+Soup+recipe
"Lobster Bisque",Soup,Soups & Stews,https://placehold.co/300x200/A9A9A9/FFFFFF?text=Lobster+Bisque,20,45,4,Hard,"Lobster shells;Lobster meat;Cream;Sherry;Tomato paste;Mirepoix",https://www.google.com/search?q=Lobster+Bisque+recipe
"Classic BLT Sandwich",Sandwich,Sandwiches & Wraps,https://placehold.co/300x200/A9A9A9/FFFFFF?text=Classic+BLT,10,5,1,Easy,"Bacon;Lettuce;Tomato;Bread;Mayonnaise",https://www.google.com/search?q=Classic+BLT+Sandwich+recipe
"Grilled Cheese Sandwich",Sandwich,Sandwiches & Wraps,https://placehold.co/300x200/A9A9A9/FFFFFF?text=Grilled+Cheese,5,10,1,Easy,"Bread;Cheese;Butter",https://www.google.com/search?q=Grilled+Cheese+Sandwich+recipe
"Turkey Club Sandwich",Sandwich,Sandwiches & Wraps,https://placehold.co/300x200/A9A9A9/FFFFFF?text=Turkey+Club,15,5,1,Easy,"Toasted bread;Turkey breast;Bacon;Lettuce;Tomato;Mayonnaise",https://www.google.com/search?q=Turkey+Club+Sandwich+recipe
"Roast Beef Sandwich",Sandwich,Sandwiches & Wraps,https://placehold.co/300x200/A9A9A9/FFFFFF?text=Roast+Beef+Sandwich,10,0,1,Easy,"Roast beef;Bread;Horseradish sauce;Onion;Lettuce",https://www.google.com/search?q=Roast+Beef+Sandwich+recipe
"Veggie Delight Sandwich",Sandwich,Sandwiches & Wraps,https://placehold.co/300x200/A9A9A9/FFFFFF?text=Veggie+Delight,10,0,1,Easy,"Bread;Cucumber;Tomato;Lettuce;Bell pepper;Hummus",https://www.google.com/search?q=Veggie+Delight+Sandwich+recipe
"Pulled Pork Sandwich",Sandwich,Sandwiches & Wraps,https://placehold.co/300x200/A9A9A9/FFFFFF?text=Pulled+Pork+Sandwich,5,0,1,Easy,"Pulled pork;Bun;Coleslaw;BBQ sauce",https://www.google.com/search?q=Pulled+Pork+Sandwich+recipe
"Chicken Salad Sandwich",Sandwich,Sandwiches & Wraps,https://placehold.co/300x200/A9A9A9/FFFFFF?text=Chicken+Salad+Sandwich,10,0,1,Easy,"Cooked chicken;Mayonnaise;Celery;Onion;Bread",https://www.google.com/search?q=Chicken+Salad+Sandwich+recipe
"Tuna Melt Sandwich",Sandwich,Sandwiches & Wraps,https://placehold.co/300x200/A9A9A9/FFFFFF?text=Tuna+Melt,10,10,1,Easy,"Tuna salad;Bread;Cheese;Butter",https://www.google.com/search?q=Tuna+Melt+Sandwich+recipe
"Falafel Pita Sandwich",Sandwich,Sandwiches & Wraps,https://placehold.co/300x200/A9A9A9/FFFFFF?text=Falafel+Pita,15,10,1,Easy,"Falafel;Pita bread;Tahini sauce;Lettuce;Tomato;Cucumber",https://www.google.com/search?q=Falafel+Pita+Sandwich+recipe
"Chicken Caesar Salad",Salad,Salads & Light Meals,https://placehold.co/300x200/A9A9A9/FFFFFF?text=Chicken+Caesar+Salad,15,10,2,Easy,"Romaine lettuce;Grilled chicken;Croutons;Parmesan cheese;Caesar dressing",https://www.google.com/search?q=Chicken+Caesar+Salad+recipe
"Greek Salad with Feta",Salad,Salads & Light Meals,https://placehold.co/300x200/A9A9A9/FFFFFF?text=Greek+Salad,15,0,2,Easy,"Cucumber;Tomatoes;Red onion;Kalamata olives;Feta cheese;Vinaigrette",https://www.google.com/search?q=Greek+Salad+with+Feta+recipe
"Cobb Salad",Salad,Salads & Light Meals,https://placehold.co/300x200/A9A9A9/FFFFFF?text=Cobb+Salad,20,15,2,Easy,"Lettuce;Chicken;Bacon;Hard-boiled egg;Avocado;Tomato;Blue cheese",https://www.google.com/search?q=Cobb+Salad+recipe
"Quinoa Salad with Roasted Vegetables",Salad,Salads & Light Meals,https://placehold.co/300x200/A9A9A9/FFFFFF?text=Quinoa+Salad,15,25,4,Easy,"Quinoa;Roasted vegetables (bell peppers, zucchini);Feta cheese;Lemon vinaigrette",https://www.google.com/search?q=Quinoa+Salad+with+Roasted+Vegetables+recipe
"Taco Salad with Beef",Salad,Salads & Light Meals,https://placehold.co/300x200/A9A9A9/FFFFFF?text=Taco+Salad,10,15,2,Easy,"Ground beef;Lettuce;Tomato;Cheese;Tortilla chips;Salsa;Sour cream",https://www.google.com/search?q=Taco+Salad+with+Beef+recipe
"Pasta Salad with Pesto",Salad,Salads & Light Meals,https://placehold.co/300x200/A9A9A9/FFFFFF?text=Pasta+Salad,10,15,4,Easy,"Pasta;Pesto;Cherry tomatoes;Mozzarella balls;Pine nuts",https://www.google.com/search?q=Pasta+Salad+with+Pesto+recipe
"Asian Chicken Salad",Salad,Salads & Light Meals,https://placehold.co/300x200/A9A9A9/FFFFFF?text=Asian+Chicken+Salad,15,10,2,Easy,"Shredded chicken;Cabbage;Carrots;Mandarin oranges;Crispy noodles;Sesame ginger dressing",https://www.google.com/search?q=Asian+Chicken+Salad+recipe
"Lentil Salad with Herbs",Salad,Salads & Light Meals,https://placehold.co/300x200/A9A9A9/FFFFFF?text=Lentil+Salad,10,25,4,Easy,"Cooked lentils;Parsley;Mint;Red onion;Feta cheese;Lemon vinaigrette",https://www.google.com/search?q=Lentil+Salad+with+Herbs+recipe
"Hungarian Goulash",Stew,Soups & Stews,https://placehold.co/300x200/A9A9A9/FFFFFF?text=Hungarian+Goulash,20,120,6,Medium,"Beef chuck;Onions;Paprika;Caraway seeds;Beef broth;Potatoes",https://www.google.com/search?q=Hungarian+Goulash+recipe
"Seafood Cioppino",Stew,Soups & Stews,https://placehold.co/300x200/A9A9A9/FFFFFF?text=Seafood+Cioppino,25,45,6,Medium,"Clams;Mussels;Shrimp;White fish;Crab;Tomato broth;White wine",https://www.google.com/search?q=Seafood+Cioppino+recipe
"Chickpea and Spinach Stew",Stew,Soups & Stews,https://placehold.co/300x200/A9A9A9/FFFFFF?text=Chickpea+Spinach+Stew,10,30,4,Easy,"Chickpeas;Spinach;Diced tomatoes;Onion;Garlic;Cumin",https://www.google.com/search?q=Chickpea+and+Spinach+Stew+recipe
"Brazilian Feijoada",Stew,Soups & Stews,https://placehold.co/300x200/A9A9A9/FFFFFF?text=Brazilian+Feijoada,30,240,8,Hard,"Black beans;Various pork cuts;Sausage;Bacon;Served with rice and collard greens",https://www.google.com/search?q=Brazilian+Feijoada+recipe
"Spicy Sausage and Kale Stew",Stew,Soups & Stews,https://placehold.co/300x200/A9A9A9/FFFFFF?text=Sausage+Kale+Stew,10,35,4,Easy,"Spicy Italian sausage;Kale;Potatoes;Onion;Chicken broth",https://www.google.com/search?q=Spicy+Sausage+and+Kale+Stew+recipe
"Root Vegetable Stew",Vegetarian Delight,Soups & Stews,https://placehold.co/300x200/A9A9A9/FFFFFF?text=Root+Vegetable+Stew,20,60,4,Easy,"Carrots;Parsnips;Potatoes;Turnips;Onion;Vegetable broth;Thyme",https://www.google.com/search?q=Root+Vegetable+Stew+recipe
"Moroccan Chicken Tagine",Stew,Soups & Stews,https://placehold.co/300x200/A9A9A9/FFFFFF?text=Moroccan+Chicken+Tagine,20,75,4,Medium,"Chicken thighs;Preserved lemon;Olives;Onion;Ginger;Turmeric;Cumin",https://www.google.com/search?q=Moroccan+Chicken+Tagine+recipe
"White Bean and Escarole Stew",Stew,Soups & Stews,https://placehold.co/300x200/A9A9A9/FFFFFF?text=White+Bean+Escarole+Stew,10,30,4,Easy,"Cannellini beans;Escarole;Onion;Garlic;Vegetable broth;Parmesan cheese",https://www.google.com/search?q=White+Bean+and+Escarole+Stew+recipe
